date,name,kind
2016-01-01,Confraternização Universal,holiday
2016-02-09,Carnaval,holiday
2016-03-25,Sexta-feira Santa,holiday
2016-04-21,Tiradentes,holiday
2016-05-01,Dia do Trabalho,holiday
2016-05-26,Corpus Christi,holiday
2016-09-07,Independência,holiday
2016-10-12,Nossa Senhora Aparecida,holiday
2016-11-02,Finados,holiday
2016-11-15,Proclamação da República,holiday
2016-11-25,Black Friday,commercial
2016-12-25,Natal,holiday
2017-01-01,Confraternização Universal,holiday
2017-02-28,Carnaval,holiday
2017-04-14,Sexta-feira Santa,holiday
2017-04-21,Tiradentes,holiday
2017-05-01,Dia do Trabalho,holiday
2017-06-15,Corpus Christi,holiday
2017-09-07,Independência,holiday
2017-10-12,Nossa Senhora Aparecida,holiday
2017-11-02,Finados,holiday
2017-11-15,Proclamação da República,holiday
2017-11-24,Black Friday,commercial
2017-12-25,Natal,holiday
2018-01-01,Confraternização Universal,holiday
2018-02-13,Carnaval,holiday
2018-03-30,Sexta-feira Santa,holiday
2018-04-21,Tiradentes,holiday
2018-05-01,Dia do Trabalho,holiday
2018-05-31,Corpus Christi,holiday
2018-09-07,Independência,holiday
2018-10-12,Nossa Senhora Aparecida,holiday
2018-11-02,Finados,holiday
2018-11-15,Proclamação da República,holiday
2018-11-23,Black Friday,commercial
2018-12-25,Natal,holiday
