category_pt,category_es
agro_industria_e_comercio,Agroindustria y comercio
alimentos,Alimentos
alimentos_bebidas,Alimentos y bebidas
artes,Artes
artes_e_artesanato,Artes y artesanías
artigos_de_festas,Artículos para fiestas
artigos_de_natal,Artículos navideños
audio,Audio
automotivo,Automotriz
bebes,Bebés
bebidas,Bebidas
beleza_saude,Belleza y salud
brinquedos,Juguetes
cama_mesa_banho,"Blancos (cama, mesa y baño)"
casa_conforto,Confort para el hogar
casa_conforto_2,Confort para el hogar 2
casa_construcao,Construcción del hogar
cds_dvds_musicais,CDs y DVDs musicales
cine_foto,Cine y foto
climatizacao,Climatización
consoles_games,Consolas y videojuegos
construcao_ferramentas_construcao,Herramientas de construcción
construcao_ferramentas_ferramentas,Herramientas
construcao_ferramentas_iluminacao,Iluminación
construcao_ferramentas_jardim,Herramientas de jardín (construcción)
construcao_ferramentas_seguranca,Seguridad (construcción)
cool_stuff,Artículos novedosos
dvds_blu_ray,DVDs y Blu-ray
eletrodomesticos,Electrodomésticos
eletrodomesticos_2,Electrodomésticos 2
eletronicos,Electrónicos
eletroportateis,Electrodomésticos portátiles
esporte_lazer,Deportes y ocio
fashion_bolsas_e_acessorios,Moda: bolsas y accesorios
fashion_calcados,Moda: calzado
fashion_esporte,Moda deportiva
fashion_roupa_feminina,Moda: ropa de mujer
fashion_roupa_infanto_juvenil,Moda: ropa infantil y juvenil
fashion_roupa_masculina,Moda: ropa de hombre
fashion_underwear_e_moda_praia,Moda: ropa interior y playa
ferramentas_jardim,Herramientas de jardín
flores,Flores
fraldas_higiene,Pañales e higiene
industria_comercio_e_negocios,"Industria, comercio y negocios"
informatica_acessorios,Accesorios de cómputo
instrumentos_musicais,Instrumentos musicales
la_cuisine,La cuisine
livros_importados,Libros importados
livros_interesse_geral,Libros de interés general
livros_tecnicos,Libros técnicos
malas_acessorios,Maletas y accesorios
market_place,Marketplace
moveis_colchao_e_estofado,Muebles: colchones y tapicería
moveis_cozinha_area_de_servico_jantar_e_jardim,"Muebles: cocina, comedor y jardín"
moveis_decoracao,Muebles y decoración
moveis_escritorio,Muebles de oficina
moveis_quarto,Muebles de recámara
moveis_sala,Muebles de sala
musica,Música
papelaria,Papelería
pc_gamer,PC gamer
pcs,Computadoras
perfumaria,Perfumería
pet_shop,Mascotas
portateis_casa_forno_e_cafe,Portátiles: hornos y cafeteras
portateis_cozinha_e_preparadores_de_alimentos,Portátiles: cocina y preparación de alimentos
relogios_presentes,Relojes y regalos
seguros_e_servicos,Seguros y servicios
sinalizacao_e_seguranca,Señalización y seguridad
tablets_impressao_imagem,Tablets e impresión
telefonia,Telefonía
telefonia_fixa,Telefonía fija
utilidades_domesticas,Artículos domésticos
